City,Accident Type,Sector (others only),Number of Accidents,Near Misses,Fatal Accidents,Injury-only Accidents,People Killed,People Injured
Supaul,roadway,,5,0,5,0,163,3
Delhi,old structure collapse,,30,4,25,1,145,21
Madhupur,roadway,,2,0,2,0,117,3
Sagar,roadway,,3,0,2,1,116,11
Saharanpur,others,factory manufacturing,2,0,2,0,102,0
Moradabad,old structure collapse,,3,1,2,0,101,0
Rewari,roadway,,3,0,2,1,101,15
Medchal,train,,2,0,1,1,100,108
Ghatkesar,train,,1,0,1,0,100,0
Maharashtra,others,factory manufacturing,1,0,1,0,90,0
Maharashtra,roadway,,15,1,14,0,86,86
Rajasthan,roadway,,14,0,14,0,75,47
Bhopal,roadway,,2,0,1,1,75,1
Banga,roadway,,1,0,1,0,71,0
Kadapa,train,,1,0,1,0,71,0
Telangana,roadway,,17,0,16,1,67,117
Gujarat,roadway,,15,0,15,0,65,158
Madhya Pradesh,roadway,,12,1,10,1,61,126
Unnao,roadway,,6,0,6,0,61,24
Barabanki,roadway,,7,0,6,1,59,41
Meerut,roadway,,11,0,11,0,55,12
Jammu,construction ongoing,,3,0,3,0,52,3
Bhiwandi,old structure collapse,,7,0,7,0,51,3
Hardoi,roadway,,10,0,10,0,48,2
Mumbai,roadway,,26,0,22,4,46,54
Karnataka,roadway,,13,1,12,0,45,33
Jharkhand,roadway,,7,0,7,0,45,6
Thrissur,roadway,,8,0,7,1,42,25
Delhi,roadway,,17,0,15,2,40,19
Tamil Nadu,roadway,,9,0,9,0,39,56
Uttar Pradesh,roadway,,7,0,7,0,39,0
Jaunpur,roadway,,4,0,4,0,38,5
Bihar,roadway,,20,0,17,3,35,80
Navi Mumbai,construction ongoing,,1,0,1,0,35,4
Pune,roadway,,13,0,13,0,31,1
Mumbai,old structure collapse,,7,0,7,0,31,48
Kolkata,old structure collapse,,5,0,5,0,30,34
Madhya Pradesh,old structure collapse,,1,0,1,0,30,0
Chamba,roadway,,5,0,5,0,29,22
Assam,roadway,,5,0,5,0,27,7
Kerala,roadway,,10,0,9,1,26,97
Uttarakhand,roadway,,9,0,9,0,26,24
Vadodara,roadway,,6,0,6,0,26,53
Etawah,roadway,,6,0,5,1,25,11
Greater Noida,roadway,,6,0,5,1,25,5
Himachal Pradesh,roadway,,5,0,4,1,25,57
Sambhal,roadway,,7,0,7,0,22,7
Andhra Pradesh,roadway,,5,0,5,0,22,16
Ahmedabad,roadway,,9,0,8,1,21,7
Nanded,roadway,,3,0,3,0,21,16
Madhubani,roadway,,2,0,2,0,21,0
Highways,roadway,,1,0,1,0,21,0
Pune,old structure collapse,,4,1,3,0,20,0
Bhandara,roadway,,3,0,3,0,20,14
Jhajjar,old structure collapse,,1,0,1,0,20,0
West Bengal,roadway,,3,0,2,1,19,63
Bengaluru,others,factory manufacturing,1,0,1,0,19,0
Shamshabad,roadway,,6,0,6,0,18,0
Suryapet,roadway,,3,0,3,0,18,52
Azamgarh,roadway,,7,0,7,0,17,14
Jalandhar,roadway,,7,0,7,0,17,1
Baghpat,roadway,,5,0,3,2,17,64
Chhattisgarh,roadway,,5,0,4,1,17,21
Surat,roadway,,5,1,4,0,17,41
West Bengal,train,,5,0,5,0,17,10
Andhra Pradesh,others,factory manufacturing,4,0,4,0,17,10
Ranchi,roadway,,4,0,4,0,17,1
Kolhapur,train,,1,0,1,0,17,0
Prayagraj,roadway,,10,0,9,1,16,22
Sitapur,roadway,,9,0,8,1,16,48
Noida,roadway,,5,0,5,0,16,1
Mirzapur,roadway,,4,0,3,1,16,11
Maharashtra,old structure collapse,,3,0,3,0,16,0
Khekra,roadway,,2,0,2,0,16,32
Hathras,roadway,,9,0,8,1,15,45
Delhi,construction ongoing,,7,0,7,0,15,11
Jaipur,roadway,,7,0,7,0,15,23
Morena,roadway,,5,0,5,0,15,0
Punjab,roadway,,5,0,5,0,15,30
Dhar,roadway,,4,0,4,0,15,1
Amravati,roadway,,2,0,2,0,15,0
Haryana,roadway,,7,0,5,2,14,97
Ambala,roadway,,5,0,5,0,14,23
Dausa,roadway,,4,0,4,0,14,62
Bijnor,roadway,,8,0,8,0,13,8
Kanpur,roadway,,8,0,8,0,13,21
Kaithal,roadway,,6,0,6,0,13,2
Patna,roadway,,6,1,5,0,13,0
Anand,roadway,,4,0,3,1,13,17
Balod,roadway,,3,0,3,0,13,14
Yamunanagar,roadway,,2,0,2,0,13,0
Mumbai,port maritime,,1,0,1,0,13,0
Mathura,roadway,,8,0,8,0,12,33
Faridabad,roadway,,7,0,7,0,12,0
Hapur,roadway,,7,0,6,1,12,1
Hyderabad,roadway,,7,0,6,1,12,9
Sultanpur,roadway,,6,0,6,0,12,21
Hamirpur,roadway,,4,0,4,0,12,0
Haryana,construction ongoing,,3,0,3,0,12,9
Jaipur,others,factory manufacturing,3,0,3,0,12,0
Pune,others,factory manufacturing,3,0,3,0,12,3
Rewa,roadway,,2,0,2,0,12,40
Jhansi,roadway,,9,0,9,0,11,5
Samastipur,roadway,,7,0,6,1,11,5
Bareilly,train,,6,0,6,0,11,1
Etah,roadway,,6,0,6,0,11,6
Jamshedpur,roadway,,4,0,4,0,11,0
Aligarh,roadway,,3,0,3,0,11,0
Gwalior,roadway,,2,0,2,0,11,0
Uttar Pradesh,train,,2,1,1,0,11,0
Kozhikode,roadway,,1,0,1,0,11,0
Sivaganga,roadway,,1,0,1,0,11,0
Ghaziabad,roadway,,8,0,8,0,10,29
Muzaffarpur,roadway,,8,0,8,0,10,5
Firozabad,roadway,,6,0,5,1,10,73
Muzaffarnagar,roadway,,5,0,5,0,10,3
Shahjahanpur,roadway,,5,0,5,0,10,1
Ajmer,roadway,,3,0,3,0,10,40
Ambala,construction ongoing,,2,0,2,0,10,22
Ambala,old structure collapse,,2,0,2,0,10,12
Tirupati,others,factory manufacturing,2,0,2,0,10,15
Bhiwandi,construction ongoing,,1,0,1,0,10,3
Agra,roadway,,6,0,6,0,9,10
Chennai,roadway,,5,0,4,1,9,4
Gurugram,roadway,,5,0,5,0,9,2
Sonipat,roadway,,5,0,5,0,9,10
Bikaner,roadway,,4,0,4,0,9,0
Dehradun,roadway,,3,0,3,0,9,5
Ramgarh,roadway,,3,0,2,1,9,2
Udaipur,train,,3,0,3,0,9,10
Gondia,roadway,,2,0,2,0,9,7
Junagadh,roadway,,2,0,2,0,9,0
Maharashtra,construction ongoing,,2,0,2,0,9,0
Adra,train,,1,0,1,0,9,0
Greater Noida,train,,1,0,1,0,9,0
Kolkata,roadway,,1,0,1,0,9,0
Bengaluru,roadway,,7,0,7,0,8,73
Deoria,roadway,,5,0,5,0,8,0
Fatehpur,roadway,,5,0,5,0,8,24
Giridih,roadway,,5,0,5,0,8,1
Indore,roadway,,5,0,4,1,8,4
Pilibhit,roadway,,5,0,5,0,8,2
Alwar,roadway,,4,0,4,0,8,1
Faridkot,roadway,,4,0,4,0,8,3
Perambalur,roadway,,4,0,3,1,8,19
Surendranagar,roadway,,3,0,2,1,8,17
Thane,old structure collapse,,3,0,2,1,8,11
Baharampur,train,,2,0,2,0,8,0
Dharmapuri,roadway,,2,0,2,0,8,0
Ghazipur,roadway,,2,0,2,0,8,0
Madhya Pradesh,train,,2,0,2,0,8,0
Morena,train,,2,0,2,0,8,0
New Delhi,old structure collapse,,2,0,2,0,8,6
Tamil Nadu,others,factory manufacturing,2,0,2,0,8,0
Ahmedabad,others,factory manufacturing,1,0,1,0,8,15
Bhind,roadway,,1,0,1,0,8,25
Kaipamangalam,roadway,,1,0,1,0,8,0
Kerala,construction ongoing,,1,0,1,0,8,0
Maharashtra,train,,1,0,1,0,8,0
Tamil Nadu,construction ongoing,,1,0,1,0,8,0
Visakhapatnam,others,factory manufacturing,1,0,1,0,8,0
Visakhapatnam,construction ongoing,,1,0,1,0,8,0
Lucknow,roadway,,8,1,6,1,7,2
Balrampur,roadway,,5,0,5,0,7,4
Gonda,roadway,,5,0,5,0,7,8
Moga,roadway,,5,0,5,0,7,2
Ayodhya,roadway,,4,0,4,0,7,17
Bhadohi,roadway,,4,0,4,0,7,0
Bhagalpur,roadway,,4,0,4,0,7,7
Mahendragarh,roadway,,4,0,4,0,7,26
Shimla,roadway,,4,0,4,0,7,7
Jammu,roadway,,3,0,2,1,7,9
Rampur,roadway,,3,0,3,0,7,1
Satara,roadway,,3,0,3,0,7,0
Siddipet,roadway,,3,0,3,0,7,0
Vellore,construction ongoing,,3,0,3,0,7,22
Balotra,roadway,,2,0,2,0,7,3
Goa,roadway,,2,0,2,0,7,0
Madurai,roadway,,2,0,2,0,7,42
Rajahmundry,roadway,,2,0,2,0,7,0
Sivakasi,others,fireworks explosives,2,0,2,0,7,0
Agra,old structure collapse,,1,0,1,0,7,0
Delhi,others,fire,1,0,1,0,7,0
Tiruvallur,others,factory manufacturing,1,0,1,0,7,0
Uttarakhand,old structure collapse,,1,0,1,0,7,0
Nagar,roadway,,7,1,5,1,6,38
Bahraich,roadway,,6,0,5,1,6,23
Basti,roadway,,5,0,4,1,6,5
Gorakhpur,roadway,,5,0,5,0,6,19
Jharkhand,others,factory manufacturing,4,0,2,2,6,10
Kakinada,roadway,,4,0,4,0,6,48
Lakhimpur,roadway,,4,0,4,0,6,1
Ludhiana,roadway,,4,0,4,0,6,3
Pratapgarh,roadway,,4,0,4,0,6,5
Saharanpur,roadway,,4,0,4,0,6,5
Hyderabad,old structure collapse,,3,0,3,0,6,1
Jhajjar,roadway,,3,0,3,0,6,2
Jharkhand,train,,3,0,3,0,6,0
Kaimur,roadway,,3,0,3,0,6,2
Ahmedabad,old structure collapse,,2,0,2,0,6,6
Hamirpur,construction ongoing,,2,0,1,1,6,8
Indore,construction ongoing,,2,0,2,0,6,5
Madhepura,roadway,,2,0,2,0,6,0
Mancherial,roadway,,2,0,2,0,6,6
Mizoram,roadway,,2,0,2,0,6,0
Udaipur,roadway,,2,0,2,0,6,1
Vizianagaram,roadway,,2,0,2,0,6,0
Haryana,old structure collapse,,1,0,1,0,6,0
Pauri,roadway,,1,0,1,0,6,0
Poonch,roadway,,1,0,1,0,6,41
Pratapgarh,old structure collapse,,1,0,1,0,6,1
Saharanpur,construction ongoing,,1,0,1,0,6,0
Suryapet,construction ongoing,,1,0,1,0,6,0
Telangana,old structure collapse,,1,0,1,0,6,12
Amroha,roadway,,6,0,5,1,5,6
Moradabad,roadway,,6,0,5,1,5,13
Bulandshahr,roadway,,5,0,5,0,5,37
Chandauli,roadway,,4,0,4,0,5,0
Jabalpur,old structure collapse,,4,1,3,0,5,1
Jamnagar,roadway,,4,1,3,0,5,4
Kathua,roadway,,4,0,3,1,5,7
Nashik,roadway,,4,0,3,1,5,9
Varanasi,roadway,,4,0,4,0,5,1
Bihar,train,,3,0,2,1,5,4
Kullu,roadway,,3,0,3,0,5,6
Kunnamkulam,roadway,,3,0,2,1,5,32
Ludhiana,others,factory manufacturing,3,0,3,0,5,3
Motihari,roadway,,3,0,3,0,5,1
Palwal,roadway,,3,0,3,0,5,4
Sangli,roadway,,3,0,3,0,5,17
Visakhapatnam,roadway,,3,0,2,1,5,6
Andhra Pradesh,train,,2,0,2,0,5,1
Bhilwara,roadway,,2,0,2,0,5,0
Nagar,train,,2,0,2,0,5,0
Panchkula,roadway,,2,0,2,0,5,0
Sambhal,train,,2,0,2,0,5,0
Surat,others,factory manufacturing,2,0,2,0,5,0
Tamil Nadu,old structure collapse,,2,0,2,0,5,5
Uttar Pradesh,old structure collapse,,2,0,2,0,5,4
Vijayawada,roadway,,2,0,2,0,5,0
Auraiya,old structure collapse,,1,0,1,0,5,5
Chhatarpur,roadway,,1,0,1,0,5,0
Coimbatore,roadway,,1,0,1,0,5,0
Fatehpur,old structure collapse,,1,0,1,0,5,0
Melur,roadway,,1,0,1,0,5,0
Pollachi,roadway,,1,0,1,0,5,0
Rohini,construction ongoing,,1,0,1,0,5,0
Uttar Pradesh,others,factory manufacturing,1,0,1,0,5,0
Ballia,roadway,,4,0,4,0,4,5
Kannauj,roadway,,4,0,2,2,4,38
Gaya,roadway,,3,0,3,0,4,0
Gurdaspur,roadway,,3,0,3,0,4,12
Haridwar,roadway,,3,0,3,0,4,0
Kannur,roadway,,3,0,1,2,4,46
Kollam,roadway,,3,0,2,1,4,1
Nawada,roadway,,3,0,3,0,4,5
Palamu,roadway,,3,0,3,0,4,10
Assam,train,,2,0,2,0,4,2
Bareli,train,,2,0,2,0,4,11
Chandigarh,old structure collapse,,2,0,2,0,4,10
Cuddalore,roadway,,2,0,2,0,4,0
Fatehgarh,roadway,,2,0,2,0,4,0
Hardoi,train,,2,0,2,0,4,0
Hyderabad,construction ongoing,,2,0,2,0,4,4
Mandsaur,roadway,,2,0,2,0,4,20
Simdega,roadway,,2,0,2,0,4,0
Sirhind,roadway,,2,0,2,0,4,16
Sirsa,roadway,,2,0,2,0,4,13
Trichy,roadway,,2,0,2,0,4,9
Ashoknagar,roadway,,1,0,1,0,4,0
Assam,others,factory manufacturing,1,0,1,0,4,0
Bengaluru,old structure collapse,,1,0,1,0,4,12
Chotila,roadway,,1,0,1,0,4,10
Digha,roadway,,1,0,1,0,4,3
Dindigul,roadway,,1,0,1,0,4,0
Eluru,train,,1,0,1,0,4,0
Indore,others,factory manufacturing,1,0,1,0,4,1
Jamshedpur,old structure collapse,,1,0,1,0,4,0
Jewar,roadway,,1,0,1,0,4,0
Kolkata,construction ongoing,,1,0,1,0,4,16
Lucknow,construction ongoing,,1,0,1,0,4,0
Nalgonda,roadway,,1,0,1,0,4,0
Panruti,roadway,,1,0,1,0,4,0
Pune,port maritime,,1,0,1,0,4,1
Raisen,roadway,,1,0,1,0,4,1
Shirwal,roadway,,1,0,1,0,4,0
Sitapur,train,,1,0,1,0,4,0
Srikakulam,train,,1,0,1,0,4,1
Tekkali,train,,1,0,1,0,4,0
Ujjain,roadway,,1,0,1,0,4,3
Vidisha,roadway,,1,0,1,0,4,0
Amethi,roadway,,5,0,2,3,3,53
Rail,train,,5,2,3,0,3,0
Aurangabad,roadway,,4,0,3,1,3,43
Darbhanga,roadway,,4,0,3,1,3,2
Karnal,roadway,,4,0,3,1,3,9
Raigarh,roadway,,4,0,2,2,3,16
Siwan,roadway,,4,0,2,2,3,15
Banda,roadway,,3,0,3,0,3,0
Bokaro,roadway,,3,0,3,0,3,3
Hisar,roadway,,3,0,2,1,3,5
Samastipur,train,,3,0,3,0,3,0
Amritsar,roadway,,2,0,2,0,3,3
Araria,roadway,,2,0,2,0,3,1
Bareilly,roadway,,2,0,2,0,3,1
Barnala,roadway,,2,0,2,0,3,2
Bathinda,roadway,,2,0,2,0,3,5
Bengaluru,train,,2,0,2,0,3,0
Bhandara,construction ongoing,,2,0,1,1,3,4
Bhavnagar,roadway,,2,0,2,0,3,0
Churu,train,,2,0,2,0,3,1
Delhi,others,factory manufacturing,2,1,1,0,3,0
Durgapur,others,factory manufacturing,2,0,2,0,3,0
Gujarat,construction ongoing,,2,0,1,1,3,4
Gurgaon,roadway,,2,0,2,0,3,4
Jaipur,construction ongoing,,2,0,1,1,3,11
Jhunjhunu,roadway,,2,0,2,0,3,0
Kanpur,construction ongoing,,2,0,2,0,3,1
Kovilpatti,roadway,,2,0,2,0,3,0
Latur,roadway,,2,0,1,1,3,23
Nadiad,roadway,,2,0,2,0,3,0
Narnaul,roadway,,2,0,2,0,3,11
Nizamabad,roadway,,2,0,2,0,3,0
Pali,roadway,,2,0,2,0,3,0
Raebareli,roadway,,2,0,2,0,3,3
Ramgarh,others,factory manufacturing,2,1,1,0,3,1
Solapur,roadway,,2,0,2,0,3,10
Tarn Taran,roadway,,2,0,2,0,3,8
Thane,roadway,,2,0,2,0,3,2
Along,train,,1,0,1,0,3,0
Bankura,old structure collapse,,1,0,1,0,3,0
Belagavi,roadway,,1,0,1,0,3,0
Bettiah,roadway,,1,0,1,0,3,3
Betul,roadway,,1,0,1,0,3,6
Bilaspur,roadway,,1,0,1,0,3,0
Chengalpattu,roadway,,1,0,1,0,3,0
Chhattisgarh,others,factory manufacturing,1,0,1,0,3,0
Chidambaram,roadway,,1,0,1,0,3,0
Chittorgarh,roadway,,1,0,1,0,3,0
Churu,roadway,,1,0,1,0,3,0
Guna,roadway,,1,0,1,0,3,0
Jaswantnagar,roadway,,1,0,1,0,3,1
Jharkhand,others,mining quarry,1,0,1,0,3,0
Jodhpur,others,factory manufacturing,1,0,1,0,3,0
Karnataka,train,,1,0,1,0,3,0
Katni,roadway,,1,0,1,0,3,0
Kawardha,roadway,,1,0,1,0,3,0
Khagaria,roadway,,1,0,1,0,3,0
Maharashtra,others,fire,1,0,1,0,3,0
Mannargudi,roadway,,1,0,1,0,3,0
Mizoram,construction ongoing,,1,0,1,0,3,0
Moga,old structure collapse,,1,0,1,0,3,0
Odisha,roadway,,1,0,1,0,3,0
Odisha,old structure collapse,,1,0,1,0,3,0
Palghar,old structure collapse,,1,0,1,0,3,0
Patan,roadway,,1,0,1,0,3,4
Phillaur,roadway,,1,0,1,0,3,0
Raipur,others,factory manufacturing,1,0,1,0,3,3
Rohini,old structure collapse,,1,0,1,0,3,1
Sambhal,others,agriculture,1,0,1,0,3,12
Sangareddy,roadway,,1,0,1,0,3,6
Sangli,train,,1,0,1,0,3,0
Sirmaur,roadway,,1,0,1,0,3,1
Sirohi,train,,1,0,1,0,3,0
Srivilliputhur,roadway,,1,0,1,0,3,0
Tirupati,construction ongoing,,1,0,1,0,3,0
Villupuram,roadway,,1,0,1,0,3,2
Vrindavan,construction ongoing,,1,0,1,0,3,0
Mumbai,construction ongoing,,5,0,1,4,2,222
Jalgaon,roadway,,3,0,2,1,2,8
Kanpur,old structure collapse,,3,0,1,2,2,6
Kushinagar,roadway,,3,0,2,1,2,9
Mainpuri,roadway,,3,0,2,1,2,11
Mohali,roadway,,3,0,2,1,2,7
Tirupati,roadway,,3,0,1,2,2,20
Aligarh,train,,2,0,2,0,2,0
Auraiya,train,,2,0,2,0,2,0
Auraiya,roadway,,2,0,2,0,2,0
Bagaha,train,,2,0,2,0,2,0
Bagaha,roadway,,2,0,2,0,2,1
Banka,train,,2,0,1,1,2,1
Basti,train,,2,0,2,0,2,0
Bathinda,train,,2,0,2,0,2,0
Begusarai,train,,2,0,2,0,2,0
Budaun,roadway,,2,0,2,0,2,3
Chennai,train,,2,0,2,0,2,0
Gaya,train,,2,1,1,0,2,0
Ghazipur,train,,2,1,1,0,2,0
Godda,roadway,,2,0,2,0,2,7
Gonda,train,,2,0,2,0,2,0
Gorakhpur,train,,2,0,2,0,2,3
Hoshiarpur,roadway,,2,0,2,0,2,0
Jabalpur,roadway,,2,0,1,1,2,8
Kashipur,roadway,,2,0,2,0,2,0
Kishanganj,roadway,,2,0,1,1,2,2
Kishangarh,old structure collapse,,2,0,2,0,2,0
Kurukshetra,roadway,,2,0,2,0,2,0
Loni,roadway,,2,0,2,0,2,0
Malappuram,roadway,,2,0,1,1,2,1
Medchal,roadway,,2,0,2,0,2,0
Mumbra,old structure collapse,,2,0,2,0,2,4
Palakkad,roadway,,2,0,2,0,2,3
Pratapgarh,train,,2,0,2,0,2,0
Raipur,roadway,,2,0,2,0,2,5
Ranchi,train,,2,1,1,0,2,0
Roorkee,roadway,,2,0,2,0,2,0
Shahjahanpur,train,,2,0,2,0,2,2
Sikar,roadway,,2,0,2,0,2,0
Thanjavur,roadway,,2,0,1,1,2,27
Thoothukudi,roadway,,2,0,2,0,2,6
Una,roadway,,2,0,2,0,2,0
Yamunanagar,train,,2,0,2,0,2,0
Achhnera,train,,1,0,1,0,2,0
Adilabad,roadway,,1,0,1,0,2,0
Along,roadway,,1,0,1,0,2,0
Aurangabad,old structure collapse,,1,0,1,0,2,0
Badlapur,roadway,,1,0,1,0,2,0
Baran,roadway,,1,0,1,0,2,0
Bargarh,old structure collapse,,1,0,1,0,2,0
Barmer,roadway,,1,0,1,0,2,0
Bhadohi,train,,1,0,1,0,2,0
Bhagalpur,old structure collapse,,1,0,1,0,2,0
Bharatpur,roadway,,1,0,1,0,2,3
Bharthana,train,,1,0,1,0,2,0
Bhiwani,roadway,,1,0,1,0,2,3
Bundi,roadway,,1,0,1,0,2,12
Chainpur,roadway,,1,0,1,0,2,0
Champawat,old structure collapse,,1,0,1,0,2,0
Chandigarh,construction ongoing,,1,0,1,0,2,0
Chitradurga,roadway,,1,0,1,0,2,26
Dhanbad,roadway,,1,0,1,0,2,0
Dhandhuka,train,,1,0,1,0,2,0
Elamanchili,roadway,,1,0,1,0,2,0
Etawah,construction ongoing,,1,0,1,0,2,24
Faridabad,old structure collapse,,1,0,1,0,2,0
Gandhinagar,roadway,,1,0,1,0,2,0
Greater Noida,old structure collapse,,1,0,1,0,2,3
Haldwani,roadway,,1,0,1,0,2,0
Hubballi,others,gas cylinder,1,0,1,0,2,1
Jabalpur,others,factory manufacturing,1,0,1,0,2,0
Jaito,roadway,,1,0,1,0,2,0
Jharkhand,old structure collapse,,1,0,1,0,2,0
Jind,roadway,,1,0,1,0,2,0
Kangra,old structure collapse,,1,0,1,0,2,1
Kannauj,others,factory manufacturing,1,0,1,0,2,0
Kanpur,aviation,,1,0,1,0,2,0
Karimnagar,roadway,,1,0,1,0,2,0
Karnataka,others,factory manufacturing,1,0,1,0,2,0
Khaira,roadway,,1,0,1,0,2,2
Korba,roadway,,1,0,1,0,2,0
Kotputli,others,agriculture,1,0,1,0,2,0
Kotra,roadway,,1,0,1,0,2,0
Kukatpally,roadway,,1,0,1,0,2,0
Laksar,roadway,,1,0,1,0,2,0
Lalitpur,roadway,,1,0,1,0,2,0
Malegaon,roadway,,1,0,1,0,2,31
Manamadurai,roadway,,1,0,1,0,2,0
Maner,roadway,,1,0,1,0,2,0
Meerut,old structure collapse,,1,0,1,0,2,0
Mohali,construction ongoing,,1,0,1,0,2,1
Mohali,old structure collapse,,1,0,1,0,2,0
Muktsar,roadway,,1,0,1,0,2,2
Mumbai,others,electrical,1,0,1,0,2,4
Mumbai,others,chemical refinery,1,0,1,0,2,0
Muri,train,,1,0,1,0,2,0
Nagaur,roadway,,1,0,1,0,2,0
Nagpur,train,,1,0,1,0,2,0
Nashik,old structure collapse,,1,0,1,0,2,0
Navsari,roadway,,1,0,1,0,2,5
Ongole,roadway,,1,0,1,0,2,0
Palwal,train,,1,0,1,0,2,0
Polavaram,roadway,,1,0,1,0,2,0
Pune,train,,1,0,1,0,2,9
Raichur,roadway,,1,0,1,0,2,0
Rudrapur,roadway,,1,0,1,0,2,1
Rudrapur,train,,1,0,1,0,2,0
Sambalpur,roadway,,1,0,1,0,2,13
Sangrur,roadway,,1,0,1,0,2,0
Secunderabad,roadway,,1,0,1,0,2,0
Shahdol,roadway,,1,0,1,0,2,0
Sirsa,train,,1,0,1,0,2,0
Solan,roadway,,1,0,1,0,2,0
Tamil Nadu,others,gas cylinder,1,0,1,0,2,0
Tehri,roadway,,1,0,1,0,2,0
Thodupuzha,construction ongoing,,1,0,1,0,2,2
Tirumala,roadway,,1,0,1,0,2,0
Tiruvannamalai,construction ongoing,,1,0,1,0,2,0
Yadgir,others,factory manufacturing,1,0,1,0,2,0
Hathras,old structure collapse,,3,1,1,1,1,4
Hathras,train,,3,1,1,1,1,8
Salem,roadway,,3,0,1,2,1,20
Agra,train,,2,1,1,0,1,0
Anantapur,roadway,,2,0,1,1,1,1
Ballia,train,,2,1,1,0,1,0
Barabanki,train,,2,0,1,1,1,4
Buldhana,roadway,,2,0,1,1,1,18
Buxar,roadway,,2,0,1,1,1,5
Dhar,old structure collapse,,2,0,1,1,1,28
Hamirpur,old structure collapse,,2,0,1,1,1,200
Hardoi,construction ongoing,,2,0,1,1,1,2
Kangra,roadway,,2,0,1,1,1,17
Karur,roadway,,2,0,1,1,1,16
Kasganj,roadway,,2,0,1,1,1,4
Lucknow,train,,2,1,1,0,1,0
Mumbra,train,,2,0,1,1,1,1
Muzaffarpur,old structure collapse,,2,1,1,0,1,0
Mysuru,roadway,,2,0,1,1,1,9
Neemrana,roadway,,2,0,1,1,1,2
Pakur,roadway,,2,0,1,1,1,2
Pilibhit,train,,2,1,1,0,1,1
Prayagraj,train,,2,1,1,0,1,1
Sakri,roadway,,2,0,1,1,1,16
Seoni,roadway,,2,0,1,1,1,21
Thiruvananthapuram,roadway,,2,0,1,1,1,25
Agra,construction ongoing,,1,0,1,0,1,0
Agra,others,fire,1,0,1,0,1,0
Ajmer,construction ongoing,,1,0,1,0,1,2
Aluva,roadway,,1,0,1,0,1,0
Amroha,old structure collapse,,1,0,1,0,1,2
Amroha,train,,1,0,1,0,1,1
Arambagh,roadway,,1,0,1,0,1,0
Asansol,roadway,,1,0,1,0,1,0
Attili,roadway,,1,0,1,0,1,1
Auraiya,construction ongoing,,1,0,1,0,1,0
Azamgarh,construction ongoing,,1,0,1,0,1,0
Bahadurgarh,others,factory manufacturing,1,0,1,0,1,0
Bahraich,train,,1,0,1,0,1,0
Ballia,old structure collapse,,1,0,1,0,1,0
Bandlaguda,roadway,,1,0,1,0,1,1
Banka,roadway,,1,0,1,0,1,1
Baraut,train,,1,0,1,0,1,0
Barhi,roadway,,1,0,1,0,1,2
Batala,roadway,,1,0,1,0,1,0
Begusarai,roadway,,1,0,1,0,1,0
Bharuch,roadway,,1,0,1,0,1,0
Bhilai,others,factory manufacturing,1,0,1,0,1,0
Bhim,roadway,,1,0,1,0,1,0
Bhiwadi,old structure collapse,,1,0,1,0,1,5
Bhiwadi,others,factory manufacturing,1,0,1,0,1,0
Bhiwani,train,,1,0,1,0,1,0
Biaora,roadway,,1,0,1,0,1,4
Bilaspur,old structure collapse,,1,0,1,0,1,2
Bokaro,train,,1,0,1,0,1,0
Budhni,roadway,,1,0,1,0,1,0
Chaibasa,roadway,,1,0,1,0,1,2
Chakradharpur,roadway,,1,0,1,0,1,0
Champawat,roadway,,1,0,1,0,1,0
Chandauli,train,,1,0,1,0,1,0
Chennai,construction ongoing,,1,0,1,0,1,0
Chhapra,construction ongoing,,1,0,1,0,1,1
Chhapra,roadway,,1,0,1,0,1,0
Chintamani,roadway,,1,0,1,0,1,0
Coimbatore,train,,1,0,1,0,1,0
Coonoor,roadway,,1,0,1,0,1,0
Dahod,train,,1,0,1,0,1,0
Dankaur,old structure collapse,,1,0,1,0,1,0
Darbhanga,train,,1,0,1,0,1,0
Daulatpur,roadway,,1,0,1,0,1,0
Daund,construction ongoing,,1,0,1,0,1,0
Deogarh,roadway,,1,0,1,0,1,1
Deoghar,roadway,,1,0,1,0,1,0
Deoghar,train,,1,0,1,0,1,0
Dholka,roadway,,1,0,1,0,1,0
Dombivli,old structure collapse,,1,0,1,0,1,0
Dombivli,train,,1,0,1,0,1,0
Dumra,roadway,,1,0,1,0,1,0
Dundigal,roadway,,1,0,1,0,1,0
Dungarpur,roadway,,1,0,1,0,1,2
Durg,roadway,,1,0,1,0,1,2
Durgapur,roadway,,1,0,1,0,1,0
Eluru,roadway,,1,0,1,0,1,0
Etah,construction ongoing,,1,0,1,0,1,0
Etawah,train,,1,0,1,0,1,0
Faridabad,construction ongoing,,1,0,1,0,1,0
Fazilka,roadway,,1,0,1,0,1,0
Firozabad,train,,1,0,1,0,1,0
Gangoh,train,,1,0,1,0,1,0
Ghatkesar,roadway,,1,0,1,0,1,0
Ghaziabad,train,,1,0,1,0,1,0
Gooty,roadway,,1,0,1,0,1,0
Gujarat,others,factory manufacturing,1,0,1,0,1,0
Gurgaon,construction ongoing,,1,0,1,0,1,2
Gurugram,construction ongoing,,1,0,1,0,1,0
Hingoli,roadway,,1,0,1,0,1,0
Jalandhar,others,factory manufacturing,1,0,1,0,1,0
Jalgaon,old structure collapse,,1,0,1,0,1,4
Jalna,roadway,,1,0,1,0,1,0
Jhajha,train,,1,0,1,0,1,2
Jhansi,construction ongoing,,1,0,1,0,1,0
Jhansi,old structure collapse,,1,0,1,0,1,0
Kaimur,train,,1,0,1,0,1,0
Kalyan,roadway,,1,0,1,0,1,3
Kanakapura,roadway,,1,0,1,0,1,0
Kannauj,train,,1,0,1,0,1,0
Kanpur,train,,1,0,1,0,1,0
Karauli,train,,1,0,1,0,1,0
Karauli,roadway,,1,0,1,0,1,0
Karma,roadway,,1,0,1,0,1,0
Karnal,train,,1,0,1,0,1,0
Karnataka,construction ongoing,,1,0,1,0,1,0
Katihar,roadway,,1,0,1,0,1,0
Keonjhar,roadway,,1,0,1,0,1,0
Keshod,roadway,,1,0,1,0,1,0
Khair,roadway,,1,0,1,0,1,3
Kharagpur,roadway,,1,0,1,0,1,0
Kharar,roadway,,1,0,1,0,1,1
Kharora,roadway,,1,0,1,0,1,3
Khatauli,train,,1,0,1,0,1,0
Khurja,roadway,,1,0,1,0,1,0
Kishangarh,others,factory manufacturing,1,0,1,0,1,0
Kishangarh,others,electrical,1,0,1,0,1,0
Kishangarh,train,,1,0,1,0,1,2
Kishni,roadway,,1,0,1,0,1,2
Kodarma,roadway,,1,0,1,0,1,1
Konch,roadway,,1,0,1,0,1,1
Korba,train,,1,0,1,0,1,0
Kotputli,roadway,,1,0,1,0,1,0
Kurnool,roadway,,1,0,1,0,1,2
Kurukshetra,construction ongoing,,1,0,1,0,1,1
Lakhimpur,train,,1,0,1,0,1,0
Madanapalle,roadway,,1,0,1,0,1,0
Madurai,construction ongoing,,1,0,1,0,1,0
Mahbubnagar,train,,1,0,1,0,1,0
Maholi,roadway,,1,0,1,0,1,0
Manali,roadway,,1,0,1,0,1,0
Mandi,old structure collapse,,1,0,1,0,1,0
Mandi,roadway,,1,0,1,0,1,0
Mangalore,others,chemical refinery,1,0,1,0,1,9
Manoharpur,roadway,,1,0,1,0,1,0
Manuguru,roadway,,1,0,1,0,1,0
Mathura,train,,1,0,1,0,1,0
Medak,roadway,,1,0,1,0,1,0
Meerut,train,,1,0,1,0,1,0
Motihari,old structure collapse,,1,0,1,0,1,0
Motipur,roadway,,1,0,1,0,1,0
Mulugu,roadway,,1,0,1,0,1,0
Munger,roadway,,1,0,1,0,1,0
Muzaffarnagar,train,,1,0,1,0,1,0
Nagar,others,electrical,1,0,1,0,1,0
Nagpur,roadway,,1,0,1,0,1,0
Nagpur,old structure collapse,,1,0,1,0,1,0
Nainital,roadway,,1,0,1,0,1,0
Narnaul,train,,1,0,1,0,1,0
Narwar,roadway,,1,0,1,0,1,1
Nashik,construction ongoing,,1,0,1,0,1,40
Nautanwa,train,,1,0,1,0,1,0
Nawada,train,,1,0,1,0,1,0
Naya Gaon,roadway,,1,0,1,0,1,0
Nellore,roadway,,1,0,1,0,1,6
New Delhi,roadway,,1,0,1,0,1,0
Orai,roadway,,1,0,1,0,1,1
Panipat,others,factory manufacturing,1,0,1,0,1,0
Panipat,roadway,,1,0,1,0,1,4
Panipat,train,,1,0,1,0,1,0
Pathankot,train,,1,0,1,0,1,0
Patna,train,,1,0,1,0,1,0
Patti,roadway,,1,0,1,0,1,0
Pendra,roadway,,1,0,1,0,1,0
Phulpur,train,,1,0,1,0,1,0
Ponda,roadway,,1,0,1,0,1,0
Ponnampet,roadway,,1,0,1,0,1,0
Poranki,roadway,,1,0,1,0,1,0
Prayagraj,old structure collapse,,1,0,1,0,1,0
Prayagraj,others,agriculture,1,0,1,0,1,0
Purnia,roadway,,1,0,1,0,1,1
Rajouri,old structure collapse,,1,0,1,0,1,2
Rajouri,roadway,,1,0,1,0,1,12
Rameswaram,roadway,,1,0,1,0,1,0
Rampur,train,,1,0,1,0,1,1
Renigunta,train,,1,0,1,0,1,0
Rishikesh,roadway,,1,0,1,0,1,2
Rohtak,roadway,,1,0,1,0,1,1
Ropar,roadway,,1,0,1,0,1,0
Saharsa,construction ongoing,,1,0,1,0,1,0
Salon,roadway,,1,0,1,0,1,0
Salon,others,agriculture,1,0,1,0,1,0
Sambalpur,train,,1,0,1,0,1,12
Saraiya,train,,1,0,1,0,1,0
Sardhana,roadway,,1,0,1,0,1,0
Sehore,roadway,,1,0,1,0,1,0
Sheikhpura,train,,1,0,1,0,1,0
Sheohar,construction ongoing,,1,0,1,0,1,0
Sholinghur,roadway,,1,0,1,0,1,0
Shyamnagar,roadway,,1,0,1,0,1,0
Sitamarhi,roadway,,1,0,1,0,1,0
Sitapur,others,agriculture,1,0,1,0,1,0
Siwan,train,,1,0,1,0,1,0
Siwan,construction ongoing,,1,0,1,0,1,0
Srikalahasti,roadway,,1,0,1,0,1,0
Srinagar,roadway,,1,0,1,0,1,0
Sultanpur,train,,1,0,1,0,1,0
Supaul,old structure collapse,,1,0,1,0,1,0
Talwara,roadway,,1,0,1,0,1,1
Tanuku,roadway,,1,0,1,0,1,0
Tapa,roadway,,1,0,1,0,1,1
Unnao,old structure collapse,,1,0,1,0,1,0
Unnao,construction ongoing,,1,0,1,0,1,0
Uppiliyapuram,roadway,,1,0,1,0,1,0
Uttarakhand,train,,1,0,1,0,1,0
Varanasi,train,,1,0,1,0,1,0
Vasai,roadway,,1,0,1,0,1,0
Vellore,roadway,,1,0,1,0,1,0
Vijaypur,construction ongoing,,1,0,1,0,1,3
Yadagirigutta,roadway,,1,0,1,0,1,0
Yamuna Nagar,roadway,,1,0,1,0,1,0
Bihar,construction ongoing,,4,0,0,4,0,21
Kolhapur,roadway,,3,2,0,1,0,3
Ratnagiri,roadway,,3,0,0,3,0,35
Etah,old structure collapse,,2,1,0,1,0,2
Ghaziabad,others,factory manufacturing,2,2,0,0,0,0
Goregaon,roadway,,2,0,0,2,0,4
Mumbai,train,,2,1,0,1,0,1
Navi Mumbai,train,,2,0,0,2,0,2
Rajkot,roadway,,2,1,0,1,0,2
Ambur,roadway,,1,0,0,1,0,4
Amreli,train,,1,1,0,0,0,0
Anand,train,,1,1,0,0,0,0
Anantapur,old structure collapse,,1,0,0,1,0,23
Azamgarh,old structure collapse,,1,0,0,1,0,1
Bagalkot,old structure collapse,,1,0,0,1,0,8
Baghpat,train,,1,0,0,1,0,2
Banka,construction ongoing,,1,0,0,1,0,1
Baramulla,construction ongoing,,1,0,0,1,0,10
Basi,old structure collapse,,1,1,0,0,0,0
Beed,roadway,,1,0,0,1,0,20
Bhilad,train,,1,1,0,0,0,0
Bhogpur,roadway,,1,1,0,0,0,0
Bhopal,old structure collapse,,1,1,0,0,0,0
Bhusawal,train,,1,1,0,0,0,0
Bihar,old structure collapse,,1,0,0,1,0,7
Bijnor,train,,1,1,0,0,0,0
Chandauli,old structure collapse,,1,0,0,1,0,50
Chandigarh,roadway,,1,1,0,0,0,0
Dahod,roadway,,1,0,0,1,0,8
Daund,roadway,,1,0,0,1,0,7
Deoria,train,,1,0,0,1,0,2
Dhamtari,old structure collapse,,1,0,0,1,0,2
Dhamtari,others,agriculture,1,0,0,1,0,3
Dharashiv,roadway,,1,0,0,1,0,27
Dhule,roadway,,1,0,0,1,0,45
Ernakulam,roadway,,1,0,0,1,0,4
Ganderbal,roadway,,1,0,0,1,0,39
Gandhinagar,construction ongoing,,1,0,0,1,0,12
Greater Noida,construction ongoing,,1,1,0,0,0,0
Gujarat,old structure collapse,,1,0,0,1,0,5
Gujarat,port maritime,,1,1,0,0,0,0
Gurdaspur,old structure collapse,,1,1,0,0,0,0
Hazaribagh,train,,1,1,0,0,0,0
Hilsa,train,,1,1,0,0,0,0
Indore,old structure collapse,,1,0,0,1,0,4
Jaisalmer,old structure collapse,,1,1,0,0,0,0
Kalyan,old structure collapse,,1,1,0,0,0,0
Kanchipuram,roadway,,1,0,0,1,0,25
Katihar,train,,1,1,0,0,0,0
Kekri,train,,1,0,0,1,0,1
Khammam,roadway,,1,0,0,1,0,10
Khetri,roadway,,1,0,0,1,0,6
Kishangarh,roadway,,1,1,0,0,0,0
Kondagaon,roadway,,1,0,0,1,0,1
Kottayam,roadway,,1,0,0,1,0,3
Kumbalam,roadway,,1,0,0,1,0,4
Kushinagar,train,,1,1,0,0,0,0
Lalganj,construction ongoing,,1,0,0,1,0,4
Ludhiana,train,,1,1,0,0,0,0
Maihar,roadway,,1,0,0,1,0,10
Mandya,roadway,,1,0,0,1,0,30
Manipur,old structure collapse,,1,1,0,0,0,0
Mayiladuthurai,roadway,,1,0,0,1,0,23
Mettur,roadway,,1,0,0,1,0,1
Morbi,roadway,,1,0,0,1,0,8
Mumbai,aviation,,1,1,0,0,0,0
Navi Mumbai,roadway,,1,0,0,1,0,9
Odisha,train,,1,1,0,0,0,0
Pakur,old structure collapse,,1,0,0,1,0,1
Palakkad,old structure collapse,,1,0,0,1,0,1
Palamu,train,,1,0,0,1,0,11
Palghar,others,factory manufacturing,1,0,0,1,0,3
Palghar,roadway,,1,1,0,0,0,0
Papanasam,roadway,,1,0,0,1,0,18
Parbhani,roadway,,1,0,0,1,0,26
Patiala,train,,1,1,0,0,0,0
Pithampur,others,factory manufacturing,1,0,0,1,0,3
Poladpur,roadway,,1,0,0,1,0,2
Powai,roadway,,1,0,0,1,0,7
Pune,aviation,,1,1,0,0,0,0
Raigarh,train,,1,1,0,0,0,0
Rajasthan,train,,1,1,0,0,0,0
Rajasthan,old structure collapse,,1,1,0,0,0,0
Rampur,old structure collapse,,1,1,0,0,0,0
Rewari,train,,1,1,0,0,0,0
Rishikesh,train,,1,0,0,1,0,3
Rohru,old structure collapse,,1,1,0,0,0,0
Saharanpur,old structure collapse,,1,1,0,0,0,0
Saputara,roadway,,1,1,0,0,0,0
Satara,old structure collapse,,1,1,0,0,0,0
Satlapur,roadway,,1,0,0,1,0,4
Satna,roadway,,1,1,0,0,0,0
Sector,roadway,,1,0,0,1,0,3
Shivpuri,train,,1,1,0,0,0,0
Sillod,roadway,,1,0,0,1,0,24
Siwan,old structure collapse,,1,1,0,0,0,0
Soron,roadway,,1,0,0,1,0,1
Srikakulam,roadway,,1,0,0,1,0,5
Srinagar,construction ongoing,,1,0,0,1,0,2
Thane,construction ongoing,,1,0,0,1,0,1
Thiruvananthapuram,old structure collapse,,1,1,0,0,0,0
Thiruvananthapuram,train,,1,0,0,1,0,1
Tilhar,train,,1,1,0,0,0,0
Tirupati,old structure collapse,,1,0,0,1,0,3
Tiruppuvanam,roadway,,1,0,0,1,0,20
Tuni,roadway,,1,0,0,1,0,5
Upleta,roadway,,1,0,0,1,0,9
Varkala,roadway,,1,0,0,1,0,2
Vasai,old structure collapse,,1,1,0,0,0,0
Vazhapadi,roadway,,1,0,0,1,0,12
